<fonts font_mask="3221266431"><font name="ASCII-6*12" id="0" type="2" width="6" height="12" font_name="宋体" font_height="12" bold="0" italic="0" file="ASCII_6_12.bin"/><font name="ASCII-8*16" id="1" type="2" width="8" height="16" font_name="宋体" font_height="16" bold="0" italic="0" file="ASCII_8_16.bin"/><font name="ASCII-12*24" id="2" type="2" width="12" height="24" font_name="宋体" font_height="24" bold="0" italic="0" file="ASCII_12_24.bin"/><font name="ASCII-16*32" id="3" type="2" width="16" height="32" font_name="宋体" font_height="32" bold="0" italic="0" file="ASCII_16_32.bin"/><font name="GBK-12*12" id="4" type="1" width="12" height="12" font_name="宋体" font_height="12" bold="0" italic="0" file="GBK_12_12.bin"/><font name="GBK-16*16" id="5" type="1" width="16" height="16" font_name="宋体" font_height="16" bold="0" italic="0" file="GBK_16_16.bin"/><font name="GBK-24*24" id="6" type="1" width="24" height="24" font_name="宋体" font_height="24" bold="0" italic="0" file="GBK_24_24.bin"/><font name="GB2312-32*32" id="7" type="0" width="32" height="32" font_name="宋体" font_height="32" bold="0" italic="0" file="GB2312_32_32.bin"/><font name="ASCII-32*64" id="8" type="2" width="32" height="64" font_name="宋体" font_height="64" bold="0" italic="0" file="ASCII_32_64.bin"/><font name="GB2312-64*64" id="9" type="0" width="64" height="64" font_name="宋体" font_height="64" bold="0" italic="0" file="GB2312_64_64.bin"/><font name="GB2312-16*16" id="10" type="0" width="16" height="16" font_name="宋体" font_height="16" bold="0" italic="0" file="GB2312_16_16.bin"/><font name="ASCII-64*128" id="11" type="2" width="64" height="128" font_name="宋体" font_height="128" bold="0" italic="0" file="ASCII_64_128.bin"/><font name="ASCII-127*255" id="12" type="2" width="127" height="255" font_name="宋体" font_height="255" bold="0" italic="0" file="ASCII_127_255.bin"/><font name="ASCII-8*16[DIN Condensed Bold]" id="15" type="2" width="8" height="16" font_name="DIN Condensed Bold" font_height="16" bold="0" italic="0" file="ASCII_8_16[DIN Condensed Bold].bin"/><font name="UNICODE-24*24" id="30" type="9" width="24" height="24" font_name="宋体" font_height="24" bold="0" italic="0" file="UNICODE_24_24.bin"/><font name="PINYIN" id="31" type="10" width="0" height="0" font_name="宋体" font_height="12" bold="0" italic="0" file="PINYIN.bin"/></fonts>
