<fonts font_mask="44073215"><font name="ASCII-6*12" id="0" type="2" width="6" height="12" font_name="宋体" font_height="12" bold="0" italic="0" file="ASCII_6_12.bin"/><font name="ASCII-8*16" id="1" type="2" width="8" height="16" font_name="宋体" font_height="16" bold="0" italic="0" file="ASCII_8_16.bin"/><font name="ASCII-12*24" id="2" type="2" width="12" height="24" font_name="宋体" font_height="24" bold="0" italic="0" file="ASCII_12_24.bin"/><font name="ASCII-16*32" id="3" type="2" width="16" height="32" font_name="宋体" font_height="32" bold="0" italic="0" file="ASCII_16_32.bin"/><font name="GBK-12*12" id="4" type="1" width="12" height="12" font_name="宋体" font_height="12" bold="0" italic="0" file="GBK_12_12.bin"/><font name="GBK-16*16" id="5" type="1" width="16" height="16" font_name="宋体" font_height="16" bold="0" italic="0" file="GBK_16_16.bin"/><font name="GBK-24*24" id="6" type="1" width="24" height="24" font_name="宋体" font_height="24" bold="0" italic="0" file="GBK_24_24.bin"/><font name="GB2312-32*32" id="7" type="0" width="32" height="32" font_name="宋体" font_height="32" bold="0" italic="0" file="GB2312_32_32.bin"/><font name="ASCII-64*128[MS UI Gothic]" id="15" type="2" width="64" height="128" font_name="MS UI Gothic" font_height="128" bold="0" italic="0" file="ASCII_64_128[MS UI Gothic].bin"/><font name="ASCII-12*24[DIN Condensed Bold]" id="21" type="2" width="12" height="24" font_name="DIN Condensed Bold" font_height="32" bold="0" italic="0" file="ASCII_12_24[DIN Condensed Bold].bin"/><font name="ASCII-64*128[Impact]" id="23" type="2" width="64" height="128" font_name="Impact" font_height="128" bold="0" italic="0" file="ASCII_64_128[Impact].bin"/><font name="ASCII-12*24[Khmer UI]" id="25" type="2" width="12" height="24" font_name="Khmer UI" font_height="24" bold="0" italic="0" file="ASCII_12_24[Khmer UI].bin"/></fonts>
