<DrawPage name="keyboard_s" bk_transparent="0" bk_color="0;0;255" bk_image="" width="240" height="192"><item name="Image1" id="1" type="image" url="Images\keyboard.png" transparency="0" crop="0" xOffset="0" yOffset="0" width="240" height="192" filter="0" clr_low="0;0;0" control_enable="0" clock="0" angle="0" rotate_x_offset="0" rotate_y_offset="0"/><item name="Text_Display1" id="2" type="text_display" text="" font="6" encode="1" show_bkg_style="0" fore_color="255;255;255" bkg_color="0;255;0" bkg_image_path="" xOffset="9" yOffset="13" width="222" height="32" input_mode="0" variant="0" text_type="0" text_len_max="255" password="0" focus_rect="0" text_align="0" text_align_v="1" value_limit="0" value_precision="0" max_value="100" min_value="0" keyboard_init="0" art_digit="0" art_digit_icon="" half_width_dot="0" bind_variant=""/><item name="Button1" id="3" type="button" button_type="2" focus="1" notify_disable="0" key_code="1" key_type="0" init_state="0" button_style="0" longpress_delay="0" url_down="" url_up="" popup_menu_id="0" input_text_id="0" switch="" switch_effect="0" switch_area="0" switch_area_left="0" switch_area_right="0" switch_area_top="0" switch_area_bottom="0" action="" xOffset="8" yOffset="55" width="39" height="39" cut_up="0" cut_up_offset_x="0" cut_up_offset_y="0" cut_down="0" cut_down_offset_x="0" cut_down_offset_y="0" custom_data_up="" custom_data_down="" external_data_up="" external_data_down="" external_data_delay="100" child_screen="0" need_login="0" login_password="888888" show_text_state="0" font="7" font_color_up="255;255;255" font_color_down="255;255;255" text_state_up="" text_state_down="" bind_variant=""/><item name="Button2" id="4" type="button" button_type="2" focus="1" notify_disable="0" key_code="2" key_type="0" init_state="0" button_style="0" longpress_delay="0" url_down="" url_up="" popup_menu_id="0" input_text_id="0" switch="" switch_effect="0" switch_area="0" switch_area_left="0" switch_area_right="0" switch_area_top="0" switch_area_bottom="0" action="" xOffset="54" yOffset="55" width="39" height="39" cut_up="0" cut_up_offset_x="0" cut_up_offset_y="0" cut_down="0" cut_down_offset_x="0" cut_down_offset_y="0" custom_data_up="" custom_data_down="" external_data_up="" external_data_down="" external_data_delay="100" child_screen="0" need_login="0" login_password="888888" show_text_state="0" font="7" font_color_up="255;255;255" font_color_down="255;255;255" text_state_up="" text_state_down="" bind_variant=""/><item name="Button3" id="5" type="button" button_type="2" focus="1" notify_disable="0" key_code="3" key_type="0" init_state="0" button_style="0" longpress_delay="0" url_down="" url_up="" popup_menu_id="0" input_text_id="0" switch="" switch_effect="0" switch_area="0" switch_area_left="0" switch_area_right="0" switch_area_top="0" switch_area_bottom="0" action="" xOffset="100" yOffset="55" width="39" height="39" cut_up="0" cut_up_offset_x="0" cut_up_offset_y="0" cut_down="0" cut_down_offset_x="0" cut_down_offset_y="0" custom_data_up="" custom_data_down="" external_data_up="" external_data_down="" external_data_delay="100" child_screen="0" need_login="0" login_password="888888" show_text_state="0" font="7" font_color_up="255;255;255" font_color_down="255;255;255" text_state_up="" text_state_down="" bind_variant=""/><item name="Button4" id="6" type="button" button_type="2" focus="1" notify_disable="0" key_code="a" key_type="9" init_state="0" button_style="0" longpress_delay="0" url_down="" url_up="" popup_menu_id="0" input_text_id="0" switch="" switch_effect="0" switch_area="0" switch_area_left="0" switch_area_right="0" switch_area_top="0" switch_area_bottom="0" action="" xOffset="147" yOffset="55" width="39" height="39" cut_up="0" cut_up_offset_x="0" cut_up_offset_y="0" cut_down="0" cut_down_offset_x="0" cut_down_offset_y="0" custom_data_up="" custom_data_down="" external_data_up="" external_data_down="" external_data_delay="100" child_screen="0" need_login="0" login_password="888888" show_text_state="0" font="7" font_color_up="255;255;255" font_color_down="255;255;255" text_state_up="" text_state_down="" bind_variant=""/><item name="Button5" id="7" type="button" button_type="2" focus="1" notify_disable="0" key_code="a" key_type="3" init_state="0" button_style="0" longpress_delay="0" url_down="" url_up="" popup_menu_id="0" input_text_id="0" switch="" switch_effect="0" switch_area="0" switch_area_left="0" switch_area_right="0" switch_area_top="0" switch_area_bottom="0" action="" xOffset="193" yOffset="55" width="39" height="39" cut_up="0" cut_up_offset_x="0" cut_up_offset_y="0" cut_down="0" cut_down_offset_x="0" cut_down_offset_y="0" custom_data_up="" custom_data_down="" external_data_up="" external_data_down="" external_data_delay="100" child_screen="0" need_login="0" login_password="888888" show_text_state="0" font="7" font_color_up="255;255;255" font_color_down="255;255;255" text_state_up="" text_state_down="" bind_variant=""/><item name="Button6" id="8" type="button" button_type="2" focus="1" notify_disable="0" key_code="4" key_type="0" init_state="0" button_style="0" longpress_delay="0" url_down="" url_up="" popup_menu_id="0" input_text_id="0" switch="" switch_effect="0" switch_area="0" switch_area_left="0" switch_area_right="0" switch_area_top="0" switch_area_bottom="0" action="" xOffset="8" yOffset="100" width="39" height="39" cut_up="0" cut_up_offset_x="0" cut_up_offset_y="0" cut_down="0" cut_down_offset_x="0" cut_down_offset_y="0" custom_data_up="" custom_data_down="" external_data_up="" external_data_down="" external_data_delay="100" child_screen="0" need_login="0" login_password="888888" show_text_state="0" font="7" font_color_up="255;255;255" font_color_down="255;255;255" text_state_up="" text_state_down="" bind_variant=""/><item name="Button7" id="9" type="button" button_type="2" focus="1" notify_disable="0" key_code="5" key_type="0" init_state="0" button_style="0" longpress_delay="0" url_down="" url_up="" popup_menu_id="0" input_text_id="0" switch="" switch_effect="0" switch_area="0" switch_area_left="0" switch_area_right="0" switch_area_top="0" switch_area_bottom="0" action="" xOffset="54" yOffset="100" width="39" height="39" cut_up="0" cut_up_offset_x="0" cut_up_offset_y="0" cut_down="0" cut_down_offset_x="0" cut_down_offset_y="0" custom_data_up="" custom_data_down="" external_data_up="" external_data_down="" external_data_delay="100" child_screen="0" need_login="0" login_password="888888" show_text_state="0" font="7" font_color_up="255;255;255" font_color_down="255;255;255" text_state_up="" text_state_down="" bind_variant=""/><item name="Button8" id="10" type="button" button_type="2" focus="1" notify_disable="0" key_code="6" key_type="0" init_state="0" button_style="0" longpress_delay="0" url_down="" url_up="" popup_menu_id="0" input_text_id="0" switch="" switch_effect="0" switch_area="0" switch_area_left="0" switch_area_right="0" switch_area_top="0" switch_area_bottom="0" action="" xOffset="100" yOffset="100" width="39" height="39" cut_up="0" cut_up_offset_x="0" cut_up_offset_y="0" cut_down="0" cut_down_offset_x="0" cut_down_offset_y="0" custom_data_up="" custom_data_down="" external_data_up="" external_data_down="" external_data_delay="100" child_screen="0" need_login="0" login_password="888888" show_text_state="0" font="7" font_color_up="255;255;255" font_color_down="255;255;255" text_state_up="" text_state_down="" bind_variant=""/><item name="Button9" id="11" type="button" button_type="2" focus="1" notify_disable="0" key_code="." key_type="0" init_state="0" button_style="0" longpress_delay="0" url_down="" url_up="" popup_menu_id="0" input_text_id="0" switch="" switch_effect="0" switch_area="0" switch_area_left="0" switch_area_right="0" switch_area_top="0" switch_area_bottom="0" action="" xOffset="147" yOffset="100" width="39" height="39" cut_up="0" cut_up_offset_x="0" cut_up_offset_y="0" cut_down="0" cut_down_offset_x="0" cut_down_offset_y="0" custom_data_up="" custom_data_down="" external_data_up="" external_data_down="" external_data_delay="100" child_screen="0" need_login="0" login_password="888888" show_text_state="0" font="7" font_color_up="255;255;255" font_color_down="255;255;255" text_state_up="" text_state_down="" bind_variant=""/><item name="Button10" id="12" type="button" button_type="2" focus="1" notify_disable="0" key_code="a" key_type="4" init_state="0" button_style="0" longpress_delay="0" url_down="" url_up="" popup_menu_id="0" input_text_id="0" switch="" switch_effect="0" switch_area="0" switch_area_left="0" switch_area_right="0" switch_area_top="0" switch_area_bottom="0" action="" xOffset="193" yOffset="100" width="39" height="39" cut_up="0" cut_up_offset_x="0" cut_up_offset_y="0" cut_down="0" cut_down_offset_x="0" cut_down_offset_y="0" custom_data_up="" custom_data_down="" external_data_up="" external_data_down="" external_data_delay="100" child_screen="0" need_login="0" login_password="888888" show_text_state="0" font="7" font_color_up="255;255;255" font_color_down="255;255;255" text_state_up="" text_state_down="" bind_variant=""/><item name="Button11" id="13" type="button" button_type="2" focus="1" notify_disable="0" key_code="7" key_type="0" init_state="0" button_style="0" longpress_delay="0" url_down="" url_up="" popup_menu_id="0" input_text_id="0" switch="" switch_effect="0" switch_area="0" switch_area_left="0" switch_area_right="0" switch_area_top="0" switch_area_bottom="0" action="" xOffset="8" yOffset="146" width="39" height="39" cut_up="0" cut_up_offset_x="0" cut_up_offset_y="0" cut_down="0" cut_down_offset_x="0" cut_down_offset_y="0" custom_data_up="" custom_data_down="" external_data_up="" external_data_down="" external_data_delay="100" child_screen="0" need_login="0" login_password="888888" show_text_state="0" font="7" font_color_up="255;255;255" font_color_down="255;255;255" text_state_up="" text_state_down="" bind_variant=""/><item name="Button12" id="14" type="button" button_type="2" focus="1" notify_disable="0" key_code="8" key_type="0" init_state="0" button_style="0" longpress_delay="0" url_down="" url_up="" popup_menu_id="0" input_text_id="0" switch="" switch_effect="0" switch_area="0" switch_area_left="0" switch_area_right="0" switch_area_top="0" switch_area_bottom="0" action="" xOffset="54" yOffset="146" width="39" height="39" cut_up="0" cut_up_offset_x="0" cut_up_offset_y="0" cut_down="0" cut_down_offset_x="0" cut_down_offset_y="0" custom_data_up="" custom_data_down="" external_data_up="" external_data_down="" external_data_delay="100" child_screen="0" need_login="0" login_password="888888" show_text_state="0" font="7" font_color_up="255;255;255" font_color_down="255;255;255" text_state_up="" text_state_down="" bind_variant=""/><item name="Button13" id="15" type="button" button_type="2" focus="1" notify_disable="0" key_code="9" key_type="0" init_state="0" button_style="0" longpress_delay="0" url_down="" url_up="" popup_menu_id="0" input_text_id="0" switch="" switch_effect="0" switch_area="0" switch_area_left="0" switch_area_right="0" switch_area_top="0" switch_area_bottom="0" action="" xOffset="100" yOffset="146" width="39" height="39" cut_up="0" cut_up_offset_x="0" cut_up_offset_y="0" cut_down="0" cut_down_offset_x="0" cut_down_offset_y="0" custom_data_up="" custom_data_down="" external_data_up="" external_data_down="" external_data_delay="100" child_screen="0" need_login="0" login_password="888888" show_text_state="0" font="7" font_color_up="255;255;255" font_color_down="255;255;255" text_state_up="" text_state_down="" bind_variant=""/><item name="Button14" id="16" type="button" button_type="2" focus="1" notify_disable="0" key_code="0" key_type="0" init_state="0" button_style="0" longpress_delay="0" url_down="" url_up="" popup_menu_id="0" input_text_id="0" switch="" switch_effect="0" switch_area="0" switch_area_left="0" switch_area_right="0" switch_area_top="0" switch_area_bottom="0" action="" xOffset="147" yOffset="146" width="39" height="39" cut_up="0" cut_up_offset_x="0" cut_up_offset_y="0" cut_down="0" cut_down_offset_x="0" cut_down_offset_y="0" custom_data_up="" custom_data_down="" external_data_up="" external_data_down="" external_data_delay="100" child_screen="0" need_login="0" login_password="888888" show_text_state="0" font="7" font_color_up="255;255;255" font_color_down="255;255;255" text_state_up="" text_state_down="" bind_variant=""/><item name="Button15" id="17" type="button" button_type="2" focus="1" notify_disable="0" key_code="a" key_type="1" init_state="0" button_style="0" longpress_delay="0" url_down="" url_up="" popup_menu_id="0" input_text_id="0" switch="" switch_effect="0" switch_area="0" switch_area_left="0" switch_area_right="0" switch_area_top="0" switch_area_bottom="0" action="" xOffset="193" yOffset="146" width="39" height="39" cut_up="0" cut_up_offset_x="0" cut_up_offset_y="0" cut_down="0" cut_down_offset_x="0" cut_down_offset_y="0" custom_data_up="" custom_data_down="" external_data_up="" external_data_down="" external_data_delay="100" child_screen="0" need_login="0" login_password="888888" show_text_state="0" font="7" font_color_up="255;255;255" font_color_down="255;255;255" text_state_up="" text_state_down="" bind_variant=""/></DrawPage>
